did,error
45939,"TypeError(""OneHotEncoder.__init__() got an unexpected keyword argument 'sparse'"")"
43255,"TypeError(""OneHotEncoder.__init__() got an unexpected keyword argument 'sparse'"")"
44508,"TypeError(""OneHotEncoder.__init__() got an unexpected keyword argument 'sparse'"")"
44510,"TypeError(""OneHotEncoder.__init__() got an unexpected keyword argument 'sparse'"")"
44511,"TypeError(""OneHotEncoder.__init__() got an unexpected keyword argument 'sparse'"")"
41705,"TypeError(""OneHotEncoder.__init__() got an unexpected keyword argument 'sparse'"")"
46800,"TypeError(""OneHotEncoder.__init__() got an unexpected keyword argument 'sparse'"")"
47044,"TypeError(""OneHotEncoder.__init__() got an unexpected keyword argument 'sparse'"")"
47051,"TypeError(""OneHotEncoder.__init__() got an unexpected keyword argument 'sparse'"")"
46871,"TypeError(""OneHotEncoder.__init__() got an unexpected keyword argument 'sparse'"")"
46905,"TypeError(""OneHotEncoder.__init__() got an unexpected keyword argument 'sparse'"")"
44709,"TypeError(""OneHotEncoder.__init__() got an unexpected keyword argument 'sparse'"")"
44712,"TypeError(""OneHotEncoder.__init__() got an unexpected keyword argument 'sparse'"")"
46420,"TypeError(""OneHotEncoder.__init__() got an unexpected keyword argument 'sparse'"")"
46564,"TypeError(""OneHotEncoder.__init__() got an unexpected keyword argument 'sparse'"")"
40981,"TypeError(""OneHotEncoder.__init__() got an unexpected keyword argument 'sparse'"")"
44484,"TypeError(""OneHotEncoder.__init__() got an unexpected keyword argument 'sparse'"")"
44485,"TypeError(""OneHotEncoder.__init__() got an unexpected keyword argument 'sparse'"")"
44487,"TypeError(""OneHotEncoder.__init__() got an unexpected keyword argument 'sparse'"")"
137,"TypeError(""OneHotEncoder.__init__() got an unexpected keyword argument 'sparse'"")"
4552,"TypeError(""OneHotEncoder.__init__() got an unexpected keyword argument 'sparse'"")"
46911,"TypeError(""OneHotEncoder.__init__() got an unexpected keyword argument 'sparse'"")"
44655,"TypeError(""OneHotEncoder.__init__() got an unexpected keyword argument 'sparse'"")"
44656,"TypeError(""OneHotEncoder.__init__() got an unexpected keyword argument 'sparse'"")"
44657,"TypeError(""OneHotEncoder.__init__() got an unexpected keyword argument 'sparse'"")"
45037,"TypeError(""OneHotEncoder.__init__() got an unexpected keyword argument 'sparse'"")"
45968,"TypeError(""OneHotEncoder.__init__() got an unexpected keyword argument 'sparse'"")"
45578,"TypeError(""OneHotEncoder.__init__() got an unexpected keyword argument 'sparse'"")"
46999,"TypeError(""OneHotEncoder.__init__() got an unexpected keyword argument 'sparse'"")"
44763,"TypeError(""OneHotEncoder.__init__() got an unexpected keyword argument 'sparse'"")"
44764,"TypeError(""OneHotEncoder.__init__() got an unexpected keyword argument 'sparse'"")"
44765,"TypeError(""OneHotEncoder.__init__() got an unexpected keyword argument 'sparse'"")"
46551,"TypeError(""OneHotEncoder.__init__() got an unexpected keyword argument 'sparse'"")"
46552,"TypeError(""OneHotEncoder.__init__() got an unexpected keyword argument 'sparse'"")"
46570,"TypeError(""OneHotEncoder.__init__() got an unexpected keyword argument 'sparse'"")"
4154,"TypeError(""OneHotEncoder.__init__() got an unexpected keyword argument 'sparse'"")"
46502,"TypeError(""OneHotEncoder.__init__() got an unexpected keyword argument 'sparse'"")"
46568,"TypeError(""OneHotEncoder.__init__() got an unexpected keyword argument 'sparse'"")"
46455,"TypeError(""OneHotEncoder.__init__() got an unexpected keyword argument 'sparse'"")"
46506,"TypeError(""OneHotEncoder.__init__() got an unexpected keyword argument 'sparse'"")"
46448,"TypeError(""OneHotEncoder.__init__() got an unexpected keyword argument 'sparse'"")"
46371,"TypeError(""OneHotEncoder.__init__() got an unexpected keyword argument 'sparse'"")"
45569,"TypeError(""OneHotEncoder.__init__() got an unexpected keyword argument 'sparse'"")"
44581,"TypeError(""OneHotEncoder.__init__() got an unexpected keyword argument 'sparse'"")"
44582,"TypeError(""OneHotEncoder.__init__() got an unexpected keyword argument 'sparse'"")"
46683,"TypeError(""OneHotEncoder.__init__() got an unexpected keyword argument 'sparse'"")"
46528,"TypeError(""OneHotEncoder.__init__() got an unexpected keyword argument 'sparse'"")"
46561,"TypeError(""OneHotEncoder.__init__() got an unexpected keyword argument 'sparse'"")"
46597,"TypeError(""OneHotEncoder.__init__() got an unexpected keyword argument 'sparse'"")"
45554,"TypeError(""OneHotEncoder.__init__() got an unexpected keyword argument 'sparse'"")"
41721,"TypeError(""OneHotEncoder.__init__() got an unexpected keyword argument 'sparse'"")"
41763,"TypeError(""OneHotEncoder.__init__() got an unexpected keyword argument 'sparse'"")"
41888,"TypeError(""OneHotEncoder.__init__() got an unexpected keyword argument 'sparse'"")"
41709,"TypeError(""OneHotEncoder.__init__() got an unexpected keyword argument 'sparse'"")"
41857,"TypeError(""OneHotEncoder.__init__() got an unexpected keyword argument 'sparse'"")"
41882,"TypeError(""OneHotEncoder.__init__() got an unexpected keyword argument 'sparse'"")"
41718,"TypeError(""OneHotEncoder.__init__() got an unexpected keyword argument 'sparse'"")"
41867,"TypeError(""OneHotEncoder.__init__() got an unexpected keyword argument 'sparse'"")"
41825,"TypeError(""OneHotEncoder.__init__() got an unexpected keyword argument 'sparse'"")"
41849,"TypeError(""OneHotEncoder.__init__() got an unexpected keyword argument 'sparse'"")"
41756,"TypeError(""OneHotEncoder.__init__() got an unexpected keyword argument 'sparse'"")"
41865,"TypeError(""OneHotEncoder.__init__() got an unexpected keyword argument 'sparse'"")"
41737,"TypeError(""OneHotEncoder.__init__() got an unexpected keyword argument 'sparse'"")"
41726,"TypeError(""OneHotEncoder.__init__() got an unexpected keyword argument 'sparse'"")"
41878,"TypeError(""OneHotEncoder.__init__() got an unexpected keyword argument 'sparse'"")"
41746,"TypeError(""OneHotEncoder.__init__() got an unexpected keyword argument 'sparse'"")"
41838,"TypeError(""OneHotEncoder.__init__() got an unexpected keyword argument 'sparse'"")"
41790,"TypeError(""OneHotEncoder.__init__() got an unexpected keyword argument 'sparse'"")"
41839,"TypeError(""OneHotEncoder.__init__() got an unexpected keyword argument 'sparse'"")"
41833,"TypeError(""OneHotEncoder.__init__() got an unexpected keyword argument 'sparse'"")"
41724,"TypeError(""OneHotEncoder.__init__() got an unexpected keyword argument 'sparse'"")"
41848,"TypeError(""OneHotEncoder.__init__() got an unexpected keyword argument 'sparse'"")"
41841,"TypeError(""OneHotEncoder.__init__() got an unexpected keyword argument 'sparse'"")"
41864,"TypeError(""OneHotEncoder.__init__() got an unexpected keyword argument 'sparse'"")"
41820,"TypeError(""OneHotEncoder.__init__() got an unexpected keyword argument 'sparse'"")"
41866,"TypeError(""OneHotEncoder.__init__() got an unexpected keyword argument 'sparse'"")"
41835,"TypeError(""OneHotEncoder.__init__() got an unexpected keyword argument 'sparse'"")"
41716,"TypeError(""OneHotEncoder.__init__() got an unexpected keyword argument 'sparse'"")"
41725,"TypeError(""OneHotEncoder.__init__() got an unexpected keyword argument 'sparse'"")"
41891,"TypeError(""OneHotEncoder.__init__() got an unexpected keyword argument 'sparse'"")"
41803,"TypeError(""OneHotEncoder.__init__() got an unexpected keyword argument 'sparse'"")"
41842,"TypeError(""OneHotEncoder.__init__() got an unexpected keyword argument 'sparse'"")"
41783,"TypeError(""OneHotEncoder.__init__() got an unexpected keyword argument 'sparse'"")"
41847,"TypeError(""OneHotEncoder.__init__() got an unexpected keyword argument 'sparse'"")"
41831,"TypeError(""OneHotEncoder.__init__() got an unexpected keyword argument 'sparse'"")"
41856,"TypeError(""OneHotEncoder.__init__() got an unexpected keyword argument 'sparse'"")"
41844,"TypeError(""OneHotEncoder.__init__() got an unexpected keyword argument 'sparse'"")"
41766,"TypeError(""OneHotEncoder.__init__() got an unexpected keyword argument 'sparse'"")"
41824,"TypeError(""OneHotEncoder.__init__() got an unexpected keyword argument 'sparse'"")"
41733,"TypeError(""OneHotEncoder.__init__() got an unexpected keyword argument 'sparse'"")"
41739,"TypeError(""OneHotEncoder.__init__() got an unexpected keyword argument 'sparse'"")"
41736,"TypeError(""OneHotEncoder.__init__() got an unexpected keyword argument 'sparse'"")"
41715,"TypeError(""OneHotEncoder.__init__() got an unexpected keyword argument 'sparse'"")"
41754,"TypeError(""OneHotEncoder.__init__() got an unexpected keyword argument 'sparse'"")"
41719,"TypeError(""OneHotEncoder.__init__() got an unexpected keyword argument 'sparse'"")"
41777,"TypeError(""OneHotEncoder.__init__() got an unexpected keyword argument 'sparse'"")"
41812,"TypeError(""OneHotEncoder.__init__() got an unexpected keyword argument 'sparse'"")"
41713,"TypeError(""OneHotEncoder.__init__() got an unexpected keyword argument 'sparse'"")"
41886,"TypeError(""OneHotEncoder.__init__() got an unexpected keyword argument 'sparse'"")"
41883,"TypeError(""OneHotEncoder.__init__() got an unexpected keyword argument 'sparse'"")"
41868,"TypeError(""OneHotEncoder.__init__() got an unexpected keyword argument 'sparse'"")"
41815,"TypeError(""OneHotEncoder.__init__() got an unexpected keyword argument 'sparse'"")"
41744,"TypeError(""OneHotEncoder.__init__() got an unexpected keyword argument 'sparse'"")"
41846,"TypeError(""OneHotEncoder.__init__() got an unexpected keyword argument 'sparse'"")"
41731,"TypeError(""OneHotEncoder.__init__() got an unexpected keyword argument 'sparse'"")"
41779,"TypeError(""OneHotEncoder.__init__() got an unexpected keyword argument 'sparse'"")"
41758,"TypeError(""OneHotEncoder.__init__() got an unexpected keyword argument 'sparse'"")"
41893,"TypeError(""OneHotEncoder.__init__() got an unexpected keyword argument 'sparse'"")"
41765,"TypeError(""OneHotEncoder.__init__() got an unexpected keyword argument 'sparse'"")"
41759,"TypeError(""OneHotEncoder.__init__() got an unexpected keyword argument 'sparse'"")"
41720,"TypeError(""OneHotEncoder.__init__() got an unexpected keyword argument 'sparse'"")"
41860,"TypeError(""OneHotEncoder.__init__() got an unexpected keyword argument 'sparse'"")"
41873,"TypeError(""OneHotEncoder.__init__() got an unexpected keyword argument 'sparse'"")"
41784,"TypeError(""OneHotEncoder.__init__() got an unexpected keyword argument 'sparse'"")"
41764,"TypeError(""OneHotEncoder.__init__() got an unexpected keyword argument 'sparse'"")"
41804,"TypeError(""OneHotEncoder.__init__() got an unexpected keyword argument 'sparse'"")"
41879,"TypeError(""OneHotEncoder.__init__() got an unexpected keyword argument 'sparse'"")"
41829,"TypeError(""OneHotEncoder.__init__() got an unexpected keyword argument 'sparse'"")"
41832,"TypeError(""OneHotEncoder.__init__() got an unexpected keyword argument 'sparse'"")"
41884,"TypeError(""OneHotEncoder.__init__() got an unexpected keyword argument 'sparse'"")"
41834,"TypeError(""OneHotEncoder.__init__() got an unexpected keyword argument 'sparse'"")"
41753,"TypeError(""OneHotEncoder.__init__() got an unexpected keyword argument 'sparse'"")"
41828,"TypeError(""OneHotEncoder.__init__() got an unexpected keyword argument 'sparse'"")"
41730,"TypeError(""OneHotEncoder.__init__() got an unexpected keyword argument 'sparse'"")"
41780,"TypeError(""OneHotEncoder.__init__() got an unexpected keyword argument 'sparse'"")"
41897,"TypeError(""OneHotEncoder.__init__() got an unexpected keyword argument 'sparse'"")"
41871,"TypeError(""OneHotEncoder.__init__() got an unexpected keyword argument 'sparse'"")"
41816,"TypeError(""OneHotEncoder.__init__() got an unexpected keyword argument 'sparse'"")"
41722,"TypeError(""OneHotEncoder.__init__() got an unexpected keyword argument 'sparse'"")"
44698,"TypeError(""OneHotEncoder.__init__() got an unexpected keyword argument 'sparse'"")"
44699,"TypeError(""OneHotEncoder.__init__() got an unexpected keyword argument 'sparse'"")"
44700,"TypeError(""OneHotEncoder.__init__() got an unexpected keyword argument 'sparse'"")"
44701,"TypeError(""OneHotEncoder.__init__() got an unexpected keyword argument 'sparse'"")"
46863,"TypeError(""OneHotEncoder.__init__() got an unexpected keyword argument 'sparse'"")"
46481,"TypeError(""OneHotEncoder.__init__() got an unexpected keyword argument 'sparse'"")"
46515,"TypeError(""OneHotEncoder.__init__() got an unexpected keyword argument 'sparse'"")"
46182,"TypeError(""OneHotEncoder.__init__() got an unexpected keyword argument 'sparse'"")"
46358,"TypeError(""OneHotEncoder.__init__() got an unexpected keyword argument 'sparse'"")"
40646,"TypeError(""OneHotEncoder.__init__() got an unexpected keyword argument 'sparse'"")"
40647,"TypeError(""OneHotEncoder.__init__() got an unexpected keyword argument 'sparse'"")"
40648,"TypeError(""OneHotEncoder.__init__() got an unexpected keyword argument 'sparse'"")"
40650,"TypeError(""OneHotEncoder.__init__() got an unexpected keyword argument 'sparse'"")"
46421,"TypeError(""OneHotEncoder.__init__() got an unexpected keyword argument 'sparse'"")"
46482,"TypeError(""OneHotEncoder.__init__() got an unexpected keyword argument 'sparse'"")"
46116,"TypeError(""OneHotEncoder.__init__() got an unexpected keyword argument 'sparse'"")"
4538,"TypeError(""OneHotEncoder.__init__() got an unexpected keyword argument 'sparse'"")"
46518,"TypeError(""OneHotEncoder.__init__() got an unexpected keyword argument 'sparse'"")"
46517,"TypeError(""OneHotEncoder.__init__() got an unexpected keyword argument 'sparse'"")"
46935,"TypeError(""OneHotEncoder.__init__() got an unexpected keyword argument 'sparse'"")"
44417,"TypeError(""OneHotEncoder.__init__() got an unexpected keyword argument 'sparse'"")"
44418,"TypeError(""OneHotEncoder.__init__() got an unexpected keyword argument 'sparse'"")"
44420,"TypeError(""OneHotEncoder.__init__() got an unexpected keyword argument 'sparse'"")"
46467,"TypeError(""OneHotEncoder.__init__() got an unexpected keyword argument 'sparse'"")"
45936,"TypeError(""OneHotEncoder.__init__() got an unexpected keyword argument 'sparse'"")"
44648,"TypeError(""OneHotEncoder.__init__() got an unexpected keyword argument 'sparse'"")"
44649,"TypeError(""OneHotEncoder.__init__() got an unexpected keyword argument 'sparse'"")"
44650,"TypeError(""OneHotEncoder.__init__() got an unexpected keyword argument 'sparse'"")"
44651,"TypeError(""OneHotEncoder.__init__() got an unexpected keyword argument 'sparse'"")"
44652,"TypeError(""OneHotEncoder.__init__() got an unexpected keyword argument 'sparse'"")"
46504,"TypeError(""OneHotEncoder.__init__() got an unexpected keyword argument 'sparse'"")"
375,"TypeError(""OneHotEncoder.__init__() got an unexpected keyword argument 'sparse'"")"
44788,"TypeError(""OneHotEncoder.__init__() got an unexpected keyword argument 'sparse'"")"
44789,"TypeError(""OneHotEncoder.__init__() got an unexpected keyword argument 'sparse'"")"
44792,"TypeError(""OneHotEncoder.__init__() got an unexpected keyword argument 'sparse'"")"
44475,"TypeError(""OneHotEncoder.__init__() got an unexpected keyword argument 'sparse'"")"
44158,"TypeError(""OneHotEncoder.__init__() got an unexpected keyword argument 'sparse'"")"
44463,"TypeError(""OneHotEncoder.__init__() got an unexpected keyword argument 'sparse'"")"
44464,"TypeError(""OneHotEncoder.__init__() got an unexpected keyword argument 'sparse'"")"
44465,"TypeError(""OneHotEncoder.__init__() got an unexpected keyword argument 'sparse'"")"
44466,"TypeError(""OneHotEncoder.__init__() got an unexpected keyword argument 'sparse'"")"
44782,"TypeError(""OneHotEncoder.__init__() got an unexpected keyword argument 'sparse'"")"
40496,"TypeError(""OneHotEncoder.__init__() got an unexpected keyword argument 'sparse'"")"
46565,"TypeError(""OneHotEncoder.__init__() got an unexpected keyword argument 'sparse'"")"
46526,"TypeError(""OneHotEncoder.__init__() got an unexpected keyword argument 'sparse'"")"
46554,"TypeError(""OneHotEncoder.__init__() got an unexpected keyword argument 'sparse'"")"
45648,"TypeError(""OneHotEncoder.__init__() got an unexpected keyword argument 'sparse'"")"
44070,"TypeError(""OneHotEncoder.__init__() got an unexpected keyword argument 'sparse'"")"
44398,"TypeError(""OneHotEncoder.__init__() got an unexpected keyword argument 'sparse'"")"
44400,"TypeError(""OneHotEncoder.__init__() got an unexpected keyword argument 'sparse'"")"
44401,"TypeError(""OneHotEncoder.__init__() got an unexpected keyword argument 'sparse'"")"
46940,"TypeError(""OneHotEncoder.__init__() got an unexpected keyword argument 'sparse'"")"
44224,"TypeError(""OneHotEncoder.__init__() got an unexpected keyword argument 'sparse'"")"
44247,"TypeError(""OneHotEncoder.__init__() got an unexpected keyword argument 'sparse'"")"
44271,"TypeError(""OneHotEncoder.__init__() got an unexpected keyword argument 'sparse'"")"
44301,"TypeError(""OneHotEncoder.__init__() got an unexpected keyword argument 'sparse'"")"
44251,"TypeError(""OneHotEncoder.__init__() got an unexpected keyword argument 'sparse'"")"
44295,"TypeError(""OneHotEncoder.__init__() got an unexpected keyword argument 'sparse'"")"
44305,"TypeError(""OneHotEncoder.__init__() got an unexpected keyword argument 'sparse'"")"
44316,"TypeError(""OneHotEncoder.__init__() got an unexpected keyword argument 'sparse'"")"
44237,"TypeError(""OneHotEncoder.__init__() got an unexpected keyword argument 'sparse'"")"
44241,"TypeError(""OneHotEncoder.__init__() got an unexpected keyword argument 'sparse'"")"
44285,"TypeError(""OneHotEncoder.__init__() got an unexpected keyword argument 'sparse'"")"
44309,"TypeError(""OneHotEncoder.__init__() got an unexpected keyword argument 'sparse'"")"
44245,"TypeError(""OneHotEncoder.__init__() got an unexpected keyword argument 'sparse'"")"
44289,"TypeError(""OneHotEncoder.__init__() got an unexpected keyword argument 'sparse'"")"
44318,"TypeError(""OneHotEncoder.__init__() got an unexpected keyword argument 'sparse'"")"
44239,"TypeError(""OneHotEncoder.__init__() got an unexpected keyword argument 'sparse'"")"
44283,"TypeError(""OneHotEncoder.__init__() got an unexpected keyword argument 'sparse'"")"
44335,"TypeError(""OneHotEncoder.__init__() got an unexpected keyword argument 'sparse'"")"
44302,"TypeError(""OneHotEncoder.__init__() got an unexpected keyword argument 'sparse'"")"
44276,"TypeError(""OneHotEncoder.__init__() got an unexpected keyword argument 'sparse'"")"
44306,"TypeError(""OneHotEncoder.__init__() got an unexpected keyword argument 'sparse'"")"
44314,"TypeError(""OneHotEncoder.__init__() got an unexpected keyword argument 'sparse'"")"
44336,"TypeError(""OneHotEncoder.__init__() got an unexpected keyword argument 'sparse'"")"
44303,"TypeError(""OneHotEncoder.__init__() got an unexpected keyword argument 'sparse'"")"
44249,"TypeError(""OneHotEncoder.__init__() got an unexpected keyword argument 'sparse'"")"
44242,"TypeError(""OneHotEncoder.__init__() got an unexpected keyword argument 'sparse'"")"
44330,"TypeError(""OneHotEncoder.__init__() got an unexpected keyword argument 'sparse'"")"
44312,"TypeError(""OneHotEncoder.__init__() got an unexpected keyword argument 'sparse'"")"
44297,"TypeError(""OneHotEncoder.__init__() got an unexpected keyword argument 'sparse'"")"
44308,"TypeError(""OneHotEncoder.__init__() got an unexpected keyword argument 'sparse'"")"
44246,"TypeError(""OneHotEncoder.__init__() got an unexpected keyword argument 'sparse'"")"
44341,"TypeError(""OneHotEncoder.__init__() got an unexpected keyword argument 'sparse'"")"
44277,"TypeError(""OneHotEncoder.__init__() got an unexpected keyword argument 'sparse'"")"
44333,"TypeError(""OneHotEncoder.__init__() got an unexpected keyword argument 'sparse'"")"
44315,"TypeError(""OneHotEncoder.__init__() got an unexpected keyword argument 'sparse'"")"
44319,"TypeError(""OneHotEncoder.__init__() got an unexpected keyword argument 'sparse'"")"
44284,"TypeError(""OneHotEncoder.__init__() got an unexpected keyword argument 'sparse'"")"
44337,"TypeError(""OneHotEncoder.__init__() got an unexpected keyword argument 'sparse'"")"
44304,"TypeError(""OneHotEncoder.__init__() got an unexpected keyword argument 'sparse'"")"
44322,"TypeError(""OneHotEncoder.__init__() got an unexpected keyword argument 'sparse'"")"
44244,"TypeError(""OneHotEncoder.__init__() got an unexpected keyword argument 'sparse'"")"
42532,"TypeError(""OneHotEncoder.__init__() got an unexpected keyword argument 'sparse'"")"
42768,"TypeError(""OneHotEncoder.__init__() got an unexpected keyword argument 'sparse'"")"
44413,"TypeError(""OneHotEncoder.__init__() got an unexpected keyword argument 'sparse'"")"
44416,"TypeError(""OneHotEncoder.__init__() got an unexpected keyword argument 'sparse'"")"
44226,"TypeError(""OneHotEncoder.__init__() got an unexpected keyword argument 'sparse'"")"
46866,"TypeError(""OneHotEncoder.__init__() got an unexpected keyword argument 'sparse'"")"
45104,"TypeError(""OneHotEncoder.__init__() got an unexpected keyword argument 'sparse'"")"
4534,"TypeError(""OneHotEncoder.__init__() got an unexpected keyword argument 'sparse'"")"
44673,"TypeError(""OneHotEncoder.__init__() got an unexpected keyword argument 'sparse'"")"
44675,"TypeError(""OneHotEncoder.__init__() got an unexpected keyword argument 'sparse'"")"
44677,"TypeError(""OneHotEncoder.__init__() got an unexpected keyword argument 'sparse'"")"
46868,"TypeError(""OneHotEncoder.__init__() got an unexpected keyword argument 'sparse'"")"
1451,"TypeError(""OneHotEncoder.__init__() got an unexpected keyword argument 'sparse'"")"
1444,"TypeError(""OneHotEncoder.__init__() got an unexpected keyword argument 'sparse'"")"
46877,"TypeError(""OneHotEncoder.__init__() got an unexpected keyword argument 'sparse'"")"
45714,"TypeError(""OneHotEncoder.__init__() got an unexpected keyword argument 'sparse'"")"
45558,"TypeError(""OneHotEncoder.__init__() got an unexpected keyword argument 'sparse'"")"
46951,"TypeError(""OneHotEncoder.__init__() got an unexpected keyword argument 'sparse'"")"
46827,"TypeError(""OneHotEncoder.__init__() got an unexpected keyword argument 'sparse'"")"
46709,"TypeError(""OneHotEncoder.__init__() got an unexpected keyword argument 'sparse'"")"
44693,"TypeError(""OneHotEncoder.__init__() got an unexpected keyword argument 'sparse'"")"
44694,"TypeError(""OneHotEncoder.__init__() got an unexpected keyword argument 'sparse'"")"
46630,"TypeError(""OneHotEncoder.__init__() got an unexpected keyword argument 'sparse'"")"
44227,"TypeError(""OneHotEncoder.__init__() got an unexpected keyword argument 'sparse'"")"
40536,"TypeError(""OneHotEncoder.__init__() got an unexpected keyword argument 'sparse'"")"
43160,"TypeError(""OneHotEncoder.__init__() got an unexpected keyword argument 'sparse'"")"
43148,"TypeError(""OneHotEncoder.__init__() got an unexpected keyword argument 'sparse'"")"
46584,"TypeError(""OneHotEncoder.__init__() got an unexpected keyword argument 'sparse'"")"
45748,"TypeError(""OneHotEncoder.__init__() got an unexpected keyword argument 'sparse'"")"
46027,"TypeError(""OneHotEncoder.__init__() got an unexpected keyword argument 'sparse'"")"
46028,"TypeError(""OneHotEncoder.__init__() got an unexpected keyword argument 'sparse'"")"
46026,"TypeError(""OneHotEncoder.__init__() got an unexpected keyword argument 'sparse'"")"
46032,"TypeError(""OneHotEncoder.__init__() got an unexpected keyword argument 'sparse'"")"
46035,"TypeError(""OneHotEncoder.__init__() got an unexpected keyword argument 'sparse'"")"
46036,"TypeError(""OneHotEncoder.__init__() got an unexpected keyword argument 'sparse'"")"
46043,"TypeError(""OneHotEncoder.__init__() got an unexpected keyword argument 'sparse'"")"
46044,"TypeError(""OneHotEncoder.__init__() got an unexpected keyword argument 'sparse'"")"
46047,"TypeError(""OneHotEncoder.__init__() got an unexpected keyword argument 'sparse'"")"
46046,"TypeError(""OneHotEncoder.__init__() got an unexpected keyword argument 'sparse'"")"
46051,"TypeError(""OneHotEncoder.__init__() got an unexpected keyword argument 'sparse'"")"
46052,"TypeError(""OneHotEncoder.__init__() got an unexpected keyword argument 'sparse'"")"
46049,"TypeError(""OneHotEncoder.__init__() got an unexpected keyword argument 'sparse'"")"
46050,"TypeError(""OneHotEncoder.__init__() got an unexpected keyword argument 'sparse'"")"
46054,"TypeError(""OneHotEncoder.__init__() got an unexpected keyword argument 'sparse'"")"
46061,"TypeError(""OneHotEncoder.__init__() got an unexpected keyword argument 'sparse'"")"
46064,"TypeError(""OneHotEncoder.__init__() got an unexpected keyword argument 'sparse'"")"
46065,"TypeError(""OneHotEncoder.__init__() got an unexpected keyword argument 'sparse'"")"
46063,"TypeError(""OneHotEncoder.__init__() got an unexpected keyword argument 'sparse'"")"
46073,"TypeError(""OneHotEncoder.__init__() got an unexpected keyword argument 'sparse'"")"
46070,"TypeError(""OneHotEncoder.__init__() got an unexpected keyword argument 'sparse'"")"
46071,"TypeError(""OneHotEncoder.__init__() got an unexpected keyword argument 'sparse'"")"
46442,"TypeError(""OneHotEncoder.__init__() got an unexpected keyword argument 'sparse'"")"
46901,"TypeError(""OneHotEncoder.__init__() got an unexpected keyword argument 'sparse'"")"
40945,"TypeError(""OneHotEncoder.__init__() got an unexpected keyword argument 'sparse'"")"
45545,"TypeError(""OneHotEncoder.__init__() got an unexpected keyword argument 'sparse'"")"
44232,"TypeError(""OneHotEncoder.__init__() got an unexpected keyword argument 'sparse'"")"
373,"TypeError(""OneHotEncoder.__init__() got an unexpected keyword argument 'sparse'"")"
46676,"TypeError(""OneHotEncoder.__init__() got an unexpected keyword argument 'sparse'"")"
720,"TypeError(""OneHotEncoder.__init__() got an unexpected keyword argument 'sparse'"")"
44568,"TypeError(""OneHotEncoder.__init__() got an unexpected keyword argument 'sparse'"")"
44569,"TypeError(""OneHotEncoder.__init__() got an unexpected keyword argument 'sparse'"")"
44570,"TypeError(""OneHotEncoder.__init__() got an unexpected keyword argument 'sparse'"")"
44571,"TypeError(""OneHotEncoder.__init__() got an unexpected keyword argument 'sparse'"")"
44572,"TypeError(""OneHotEncoder.__init__() got an unexpected keyword argument 'sparse'"")"
179,"TypeError(""OneHotEncoder.__init__() got an unexpected keyword argument 'sparse'"")"
1119,"TypeError(""OneHotEncoder.__init__() got an unexpected keyword argument 'sparse'"")"
44724,"TypeError(""OneHotEncoder.__init__() got an unexpected keyword argument 'sparse'"")"
44726,"TypeError(""OneHotEncoder.__init__() got an unexpected keyword argument 'sparse'"")"
46737,"TypeError(""OneHotEncoder.__init__() got an unexpected keyword argument 'sparse'"")"
734,"TypeError(""OneHotEncoder.__init__() got an unexpected keyword argument 'sparse'"")"
46880,"TypeError(""OneHotEncoder.__init__() got an unexpected keyword argument 'sparse'"")"
42493,"TypeError(""OneHotEncoder.__init__() got an unexpected keyword argument 'sparse'"")"
44528,"TypeError(""OneHotEncoder.__init__() got an unexpected keyword argument 'sparse'"")"
44532,"TypeError(""OneHotEncoder.__init__() got an unexpected keyword argument 'sparse'"")"
46905,"ValueError('not enough values to unpack (expected 3, got 2)')"
44709,"ValueError('not enough values to unpack (expected 3, got 2)')"
44712,"ValueError('not enough values to unpack (expected 3, got 2)')"
46420,"ValueError('not enough values to unpack (expected 3, got 2)')"
46564,"ValueError('not enough values to unpack (expected 3, got 2)')"
40981,"ValueError('not enough values to unpack (expected 3, got 2)')"
44484,"ValueError('not enough values to unpack (expected 3, got 2)')"
44485,"ValueError('not enough values to unpack (expected 3, got 2)')"
44487,"ValueError('not enough values to unpack (expected 3, got 2)')"
137,"ValueError('not enough values to unpack (expected 3, got 2)')"
4552,"ValueError('not enough values to unpack (expected 3, got 2)')"
46911,"ValueError('not enough values to unpack (expected 3, got 2)')"
44655,"ValueError('not enough values to unpack (expected 3, got 2)')"
44656,"ValueError('not enough values to unpack (expected 3, got 2)')"
44657,"ValueError('not enough values to unpack (expected 3, got 2)')"
45037,"ValueError('not enough values to unpack (expected 3, got 2)')"
45968,"ValueError('not enough values to unpack (expected 3, got 2)')"
45578,"ValueError('not enough values to unpack (expected 3, got 2)')"
46999,"ValueError('not enough values to unpack (expected 3, got 2)')"
44763,"ValueError('not enough values to unpack (expected 3, got 2)')"
44764,"ValueError('not enough values to unpack (expected 3, got 2)')"
44765,"ValueError('not enough values to unpack (expected 3, got 2)')"
46551,"ValueError('not enough values to unpack (expected 3, got 2)')"
46552,"ValueError('not enough values to unpack (expected 3, got 2)')"
46570,"ValueError('not enough values to unpack (expected 3, got 2)')"
4154,"ValueError('not enough values to unpack (expected 3, got 2)')"
46502,"ValueError('not enough values to unpack (expected 3, got 2)')"
46568,"ValueError('not enough values to unpack (expected 3, got 2)')"
46455,"ValueError('not enough values to unpack (expected 3, got 2)')"
46506,"ValueError('not enough values to unpack (expected 3, got 2)')"
46448,"ValueError('not enough values to unpack (expected 3, got 2)')"
46371,"ValueError('not enough values to unpack (expected 3, got 2)')"
45569,"ValueError('not enough values to unpack (expected 3, got 2)')"
44581,"ValueError('not enough values to unpack (expected 3, got 2)')"
44582,"ValueError('not enough values to unpack (expected 3, got 2)')"
46683,"ValueError('not enough values to unpack (expected 3, got 2)')"
46528,"ValueError('not enough values to unpack (expected 3, got 2)')"
46561,"ValueError('not enough values to unpack (expected 3, got 2)')"
46597,"ValueError('not enough values to unpack (expected 3, got 2)')"
45554,"ValueError('not enough values to unpack (expected 3, got 2)')"
41721,"ValueError('not enough values to unpack (expected 3, got 2)')"
41763,"ValueError('not enough values to unpack (expected 3, got 2)')"
41888,"ValueError('not enough values to unpack (expected 3, got 2)')"
41709,"ValueError('not enough values to unpack (expected 3, got 2)')"
41857,"ValueError('not enough values to unpack (expected 3, got 2)')"
41882,"ValueError('not enough values to unpack (expected 3, got 2)')"
41718,"ValueError('not enough values to unpack (expected 3, got 2)')"
41867,"ValueError('not enough values to unpack (expected 3, got 2)')"
41825,"ValueError('not enough values to unpack (expected 3, got 2)')"
41849,"ValueError('not enough values to unpack (expected 3, got 2)')"
41756,"ValueError('not enough values to unpack (expected 3, got 2)')"
41865,"ValueError('not enough values to unpack (expected 3, got 2)')"
41737,"ValueError('not enough values to unpack (expected 3, got 2)')"
41726,"ValueError('not enough values to unpack (expected 3, got 2)')"
41878,"ValueError('not enough values to unpack (expected 3, got 2)')"
41746,"ValueError('not enough values to unpack (expected 3, got 2)')"
41838,"ValueError('not enough values to unpack (expected 3, got 2)')"
41790,"ValueError('not enough values to unpack (expected 3, got 2)')"
41839,"ValueError('not enough values to unpack (expected 3, got 2)')"
41833,"ValueError('not enough values to unpack (expected 3, got 2)')"
41724,"ValueError('not enough values to unpack (expected 3, got 2)')"
41848,"ValueError('not enough values to unpack (expected 3, got 2)')"
41841,"ValueError('not enough values to unpack (expected 3, got 2)')"
41864,"ValueError('not enough values to unpack (expected 3, got 2)')"
41820,"ValueError('not enough values to unpack (expected 3, got 2)')"
41866,"ValueError('not enough values to unpack (expected 3, got 2)')"
41835,"ValueError('not enough values to unpack (expected 3, got 2)')"
41716,"ValueError('not enough values to unpack (expected 3, got 2)')"
41725,"ValueError('not enough values to unpack (expected 3, got 2)')"
41891,"ValueError('not enough values to unpack (expected 3, got 2)')"
41803,"ValueError('not enough values to unpack (expected 3, got 2)')"
41842,"ValueError('not enough values to unpack (expected 3, got 2)')"
41783,"ValueError('not enough values to unpack (expected 3, got 2)')"
41847,"ValueError('not enough values to unpack (expected 3, got 2)')"
41831,"ValueError('not enough values to unpack (expected 3, got 2)')"
41856,"ValueError('not enough values to unpack (expected 3, got 2)')"
41844,"ValueError('not enough values to unpack (expected 3, got 2)')"
41766,"ValueError('not enough values to unpack (expected 3, got 2)')"
41824,"ValueError('not enough values to unpack (expected 3, got 2)')"
41733,"ValueError('not enough values to unpack (expected 3, got 2)')"
41739,"ValueError('not enough values to unpack (expected 3, got 2)')"
41736,"ValueError('not enough values to unpack (expected 3, got 2)')"
41715,"ValueError('not enough values to unpack (expected 3, got 2)')"
41754,"ValueError('not enough values to unpack (expected 3, got 2)')"
41719,"ValueError('not enough values to unpack (expected 3, got 2)')"
41777,"ValueError('not enough values to unpack (expected 3, got 2)')"
41812,"ValueError('not enough values to unpack (expected 3, got 2)')"
41713,"ValueError('not enough values to unpack (expected 3, got 2)')"
41886,"ValueError('not enough values to unpack (expected 3, got 2)')"
41883,"ValueError('not enough values to unpack (expected 3, got 2)')"
41868,"ValueError('not enough values to unpack (expected 3, got 2)')"
41815,"ValueError('not enough values to unpack (expected 3, got 2)')"
41744,"ValueError('not enough values to unpack (expected 3, got 2)')"
41846,"ValueError('not enough values to unpack (expected 3, got 2)')"
41731,"ValueError('not enough values to unpack (expected 3, got 2)')"
41779,"ValueError('not enough values to unpack (expected 3, got 2)')"
41758,"ValueError('not enough values to unpack (expected 3, got 2)')"
41893,"ValueError('not enough values to unpack (expected 3, got 2)')"
41765,"ValueError('not enough values to unpack (expected 3, got 2)')"
41759,"ValueError('not enough values to unpack (expected 3, got 2)')"
41720,"ValueError('not enough values to unpack (expected 3, got 2)')"
41860,"ValueError('not enough values to unpack (expected 3, got 2)')"
41873,"ValueError('not enough values to unpack (expected 3, got 2)')"
41784,"ValueError('not enough values to unpack (expected 3, got 2)')"
41764,"ValueError('not enough values to unpack (expected 3, got 2)')"
41804,"ValueError('not enough values to unpack (expected 3, got 2)')"
41879,"ValueError('not enough values to unpack (expected 3, got 2)')"
41829,"ValueError('not enough values to unpack (expected 3, got 2)')"
41832,"ValueError('not enough values to unpack (expected 3, got 2)')"
41884,"ValueError('not enough values to unpack (expected 3, got 2)')"
41834,"ValueError('not enough values to unpack (expected 3, got 2)')"
41753,"ValueError('not enough values to unpack (expected 3, got 2)')"
41828,"ValueError('not enough values to unpack (expected 3, got 2)')"
41730,"ValueError('not enough values to unpack (expected 3, got 2)')"
41780,"ValueError('not enough values to unpack (expected 3, got 2)')"
41897,"ValueError('not enough values to unpack (expected 3, got 2)')"
41871,"ValueError('not enough values to unpack (expected 3, got 2)')"
41816,"ValueError('not enough values to unpack (expected 3, got 2)')"
41722,"ValueError('not enough values to unpack (expected 3, got 2)')"
44698,"ValueError('not enough values to unpack (expected 3, got 2)')"
44699,"ValueError('not enough values to unpack (expected 3, got 2)')"
44700,"ValueError('not enough values to unpack (expected 3, got 2)')"
44701,"ValueError('not enough values to unpack (expected 3, got 2)')"
46863,"ValueError('not enough values to unpack (expected 3, got 2)')"
46481,"ValueError('not enough values to unpack (expected 3, got 2)')"
46515,"ValueError('not enough values to unpack (expected 3, got 2)')"
46182,"ValueError('not enough values to unpack (expected 3, got 2)')"
46358,"ValueError('not enough values to unpack (expected 3, got 2)')"
40646,"ValueError('not enough values to unpack (expected 3, got 2)')"
40647,"ValueError('not enough values to unpack (expected 3, got 2)')"
40648,"ValueError('not enough values to unpack (expected 3, got 2)')"
40650,"ValueError('not enough values to unpack (expected 3, got 2)')"
46421,"ValueError('not enough values to unpack (expected 3, got 2)')"
46482,"ValueError('not enough values to unpack (expected 3, got 2)')"
46116,"ValueError('not enough values to unpack (expected 3, got 2)')"
4538,"ValueError('not enough values to unpack (expected 3, got 2)')"
46518,"ValueError('not enough values to unpack (expected 3, got 2)')"
46517,"ValueError('not enough values to unpack (expected 3, got 2)')"
46935,"ValueError('not enough values to unpack (expected 3, got 2)')"
44417,"ValueError('not enough values to unpack (expected 3, got 2)')"
44418,"ValueError('not enough values to unpack (expected 3, got 2)')"
44420,"ValueError('not enough values to unpack (expected 3, got 2)')"
46467,"ValueError('not enough values to unpack (expected 3, got 2)')"
45936,"ValueError('not enough values to unpack (expected 3, got 2)')"
44648,"ValueError('not enough values to unpack (expected 3, got 2)')"
44649,"ValueError('not enough values to unpack (expected 3, got 2)')"
44650,"ValueError('not enough values to unpack (expected 3, got 2)')"
44651,"ValueError('not enough values to unpack (expected 3, got 2)')"
44652,"ValueError('not enough values to unpack (expected 3, got 2)')"
46504,"ValueError('not enough values to unpack (expected 3, got 2)')"
375,"ValueError('not enough values to unpack (expected 3, got 2)')"
44788,"ValueError('not enough values to unpack (expected 3, got 2)')"
46905,"ValueError('not enough values to unpack (expected 3, got 2)')"
44709,"ValueError('not enough values to unpack (expected 3, got 2)')"
44712,"ValueError('not enough values to unpack (expected 3, got 2)')"
46420,"ValueError('not enough values to unpack (expected 3, got 2)')"
46564,"ValueError('not enough values to unpack (expected 3, got 2)')"
40981,"ValueError('not enough values to unpack (expected 3, got 2)')"
44484,"ValueError('not enough values to unpack (expected 3, got 2)')"
44485,"ValueError('not enough values to unpack (expected 3, got 2)')"
44487,"ValueError('not enough values to unpack (expected 3, got 2)')"
137,"ValueError('not enough values to unpack (expected 3, got 2)')"
4552,"ValueError('not enough values to unpack (expected 3, got 2)')"
46911,"ValueError('not enough values to unpack (expected 3, got 2)')"
44655,"ValueError('not enough values to unpack (expected 3, got 2)')"
44656,"ValueError('not enough values to unpack (expected 3, got 2)')"
44657,"ValueError('not enough values to unpack (expected 3, got 2)')"
45037,"ValueError('not enough values to unpack (expected 3, got 2)')"
45968,"ValueError('not enough values to unpack (expected 3, got 2)')"
45578,"ValueError('not enough values to unpack (expected 3, got 2)')"
46999,"ValueError('not enough values to unpack (expected 3, got 2)')"
44763,"ValueError('not enough values to unpack (expected 3, got 2)')"
44764,"ValueError('not enough values to unpack (expected 3, got 2)')"
44765,"ValueError('not enough values to unpack (expected 3, got 2)')"
46551,"ValueError('not enough values to unpack (expected 3, got 2)')"
46552,"ValueError('not enough values to unpack (expected 3, got 2)')"
46570,"ValueError('not enough values to unpack (expected 3, got 2)')"
4154,"ValueError('not enough values to unpack (expected 3, got 2)')"
46502,"ValueError('not enough values to unpack (expected 3, got 2)')"
46568,"ValueError('not enough values to unpack (expected 3, got 2)')"
46455,"ValueError('not enough values to unpack (expected 3, got 2)')"
46506,"ValueError('not enough values to unpack (expected 3, got 2)')"
46448,"ValueError('not enough values to unpack (expected 3, got 2)')"
46371,"ValueError('not enough values to unpack (expected 3, got 2)')"
45569,"ValueError('not enough values to unpack (expected 3, got 2)')"
44581,"ValueError('not enough values to unpack (expected 3, got 2)')"
44582,"ValueError('not enough values to unpack (expected 3, got 2)')"
46683,"ValueError('not enough values to unpack (expected 3, got 2)')"
46528,"ValueError('not enough values to unpack (expected 3, got 2)')"
46561,"ValueError('not enough values to unpack (expected 3, got 2)')"
46597,"ValueError('not enough values to unpack (expected 3, got 2)')"
45554,"ValueError('not enough values to unpack (expected 3, got 2)')"
41721,"ValueError('not enough values to unpack (expected 3, got 2)')"
41763,"ValueError('not enough values to unpack (expected 3, got 2)')"
41888,"ValueError('not enough values to unpack (expected 3, got 2)')"
41709,"ValueError('not enough values to unpack (expected 3, got 2)')"
41857,"ValueError('not enough values to unpack (expected 3, got 2)')"
41882,"ValueError('not enough values to unpack (expected 3, got 2)')"
41718,"ValueError('not enough values to unpack (expected 3, got 2)')"
41867,"ValueError('not enough values to unpack (expected 3, got 2)')"
41825,"ValueError('not enough values to unpack (expected 3, got 2)')"
41849,"ValueError('not enough values to unpack (expected 3, got 2)')"
41756,"ValueError('not enough values to unpack (expected 3, got 2)')"
41865,"ValueError('not enough values to unpack (expected 3, got 2)')"
41737,"ValueError('not enough values to unpack (expected 3, got 2)')"
41726,"ValueError('not enough values to unpack (expected 3, got 2)')"
41878,"ValueError('not enough values to unpack (expected 3, got 2)')"
41746,"ValueError('not enough values to unpack (expected 3, got 2)')"
41838,"ValueError('not enough values to unpack (expected 3, got 2)')"
41790,"ValueError('not enough values to unpack (expected 3, got 2)')"
41839,"ValueError('not enough values to unpack (expected 3, got 2)')"
41833,"ValueError('not enough values to unpack (expected 3, got 2)')"
41724,"ValueError('not enough values to unpack (expected 3, got 2)')"
41848,"ValueError('not enough values to unpack (expected 3, got 2)')"
41841,"ValueError('not enough values to unpack (expected 3, got 2)')"
41864,"ValueError('not enough values to unpack (expected 3, got 2)')"
41820,"ValueError('not enough values to unpack (expected 3, got 2)')"
41866,"ValueError('not enough values to unpack (expected 3, got 2)')"
41835,"ValueError('not enough values to unpack (expected 3, got 2)')"
41716,"ValueError('not enough values to unpack (expected 3, got 2)')"
41725,"ValueError('not enough values to unpack (expected 3, got 2)')"
41891,"ValueError('not enough values to unpack (expected 3, got 2)')"
41803,"ValueError('not enough values to unpack (expected 3, got 2)')"
41842,"ValueError('not enough values to unpack (expected 3, got 2)')"
41783,"ValueError('not enough values to unpack (expected 3, got 2)')"
41847,"ValueError('not enough values to unpack (expected 3, got 2)')"
41831,"ValueError('not enough values to unpack (expected 3, got 2)')"
41856,"ValueError('not enough values to unpack (expected 3, got 2)')"
41844,"ValueError('not enough values to unpack (expected 3, got 2)')"
41766,"ValueError('not enough values to unpack (expected 3, got 2)')"
41824,"ValueError('not enough values to unpack (expected 3, got 2)')"
41733,"ValueError('not enough values to unpack (expected 3, got 2)')"
41739,"ValueError('not enough values to unpack (expected 3, got 2)')"
41736,"ValueError('not enough values to unpack (expected 3, got 2)')"
41715,"ValueError('not enough values to unpack (expected 3, got 2)')"
41754,"ValueError('not enough values to unpack (expected 3, got 2)')"
41719,"ValueError('not enough values to unpack (expected 3, got 2)')"
41777,"ValueError('not enough values to unpack (expected 3, got 2)')"
46905,"ValueError('not enough values to unpack (expected 3, got 2)')"
44709,"ValueError('not enough values to unpack (expected 3, got 2)')"
44712,"ValueError('not enough values to unpack (expected 3, got 2)')"
46420,"ValueError('not enough values to unpack (expected 3, got 2)')"
46564,"ValueError('not enough values to unpack (expected 3, got 2)')"
40981,"ValueError('not enough values to unpack (expected 3, got 2)')"
44484,"ValueError('not enough values to unpack (expected 3, got 2)')"
44485,"ValueError('not enough values to unpack (expected 3, got 2)')"
44487,"ValueError('not enough values to unpack (expected 3, got 2)')"
137,"ValueError('not enough values to unpack (expected 3, got 2)')"
4552,"ValueError('not enough values to unpack (expected 3, got 2)')"
46911,"ValueError('not enough values to unpack (expected 3, got 2)')"
44655,"ValueError('not enough values to unpack (expected 3, got 2)')"
44656,"ValueError('not enough values to unpack (expected 3, got 2)')"
44657,"ValueError('not enough values to unpack (expected 3, got 2)')"
45037,"ValueError('not enough values to unpack (expected 3, got 2)')"
45968,"ValueError('not enough values to unpack (expected 3, got 2)')"
45578,"ValueError('not enough values to unpack (expected 3, got 2)')"
46999,"ValueError('not enough values to unpack (expected 3, got 2)')"
44763,"ValueError('not enough values to unpack (expected 3, got 2)')"
44764,"ValueError('not enough values to unpack (expected 3, got 2)')"
44765,"ValueError('not enough values to unpack (expected 3, got 2)')"
46551,"ValueError('not enough values to unpack (expected 3, got 2)')"
46552,"ValueError('not enough values to unpack (expected 3, got 2)')"
46570,"ValueError('not enough values to unpack (expected 3, got 2)')"
4154,"ValueError('not enough values to unpack (expected 3, got 2)')"
46502,"ValueError('not enough values to unpack (expected 3, got 2)')"
46568,"ValueError('not enough values to unpack (expected 3, got 2)')"
46455,"ValueError('not enough values to unpack (expected 3, got 2)')"
46506,"ValueError('not enough values to unpack (expected 3, got 2)')"
46448,"ValueError('not enough values to unpack (expected 3, got 2)')"
46371,"ValueError('not enough values to unpack (expected 3, got 2)')"
45569,"ValueError('not enough values to unpack (expected 3, got 2)')"
44581,"ValueError('not enough values to unpack (expected 3, got 2)')"
44582,"ValueError('not enough values to unpack (expected 3, got 2)')"
46683,"ValueError('not enough values to unpack (expected 3, got 2)')"
